{"cameraMode":{"drawMode":0,"name":"Shaded","section":"Shading Mode"},"sceneLighting":true,"audioPlay":false,"sceneViewState":{"m_AlwaysRefresh":false,"showFog":true,"showSkybox":true,"showFlares":true,"showImageEffects":true,"showParticleSystems":true,"showVisualEffectGraphs":true,"m_FxEnabled":true},"in2DMode":false,"pivot":{"x":10.159982681274414,"y":-1.3244109153747559,"z":9.825539588928223},"rotation":{"x":-0.1300826072692871,"y":0.02677731402218342,"z":-0.003515115473419428,"w":-0.9911409616470337},"size":6.597018718719482,"orthographic":false}